publisher	count_corpus	count_downloaded	percent_corpus	percent_downloaded	total_corpus	total_downloaded	pvalues.binom	pvalues.binom.fdr	different_percentage
AACE Corp (American Association of Clinical Endocrinologists)	302	278	6.43510625766779e-06	1.2921104248724e-05	46930072	21515195	2.15415249100362e-25	7.64767390380401e-25	2.00790845268915
Academy of Natural Sciences of Philadelphia	107	92	2.27998797871011e-06	4.27604888806694e-06	46930072	21515195	4.14762903440745e-08	1.03427477190866e-07	1.87546992703272
ACTA Press	95	62	2.02428839231272e-06	2.88168512021902e-06	46930072	21515195	0.00778389255531889	0.0147818711469429	1.42355463340218
Adenine Press, Inc.	239	303	5.09268342908146e-06	1.40830740552639e-05	46930072	21515195	5.11037764008507e-52	2.37767043886063e-51	2.7653543070915
Advanced Research Journals	3	6	6.39248965993489e-08	2.78872753569583e-07	46930072	21515195	0.00293730353876173	0.0057830207756467	4.36250613461959
AIP Publishing	511484	246686	0.0108988539374071	0.0114656673478444	46930072	21515195	3.85190511653225e-139	2.59930085726298e-138	1.05200669847421
Alphamed Press	3052	1646	6.50329281404043e-05	7.65040920625889e-05	46930072	21515195	1.3687743243744e-10	3.63908722630667e-10	1.17639008807075
American Academy of Implant Dentistry	980	1414	2.08821328891206e-05	6.57210122578984e-05	46930072	21515195	1.20594402702533e-287	1.11628745538261e-286	3.14723656854699
American Academy of Orthopaedic Surgeons	435	1826	9.26911000690559e-06	8.48702746696764e-05	46930072	21515195	0	0	9.15624850783377
American Academy of Pediatrics (AAP)	19788	19929	0.000421648617969306	0.00092627585098137	46930072	21515195	4.94065645841247e-324	7.4109846876187e-323	2.19679565284096
American Academy of Periodontology (AAP)	9697	15707	0.000206626574107962	0.000730042390052906	46930072	21515195	4.94065645841247e-324	7.4109846876187e-323	3.53314859525987
American Accounting Association	2086	5614	4.4449111435414e-05	0.000260931939756606	46930072	21515195	0	0	5.87035221470623
American Association for Cancer Research (AACR)	37446	36827	0.000797910559353073	0.00171167448261784	46930072	21515195	9.88131291682493e-324	1.23516411460312e-322	2.14519592773108
American Association for Clinical Chemistry (AACC)	5691	4626	0.000121265528848965	0.000215010893002148	46930072	21515195	3.74775672446468e-277	3.38062953512936e-276	1.77305863457655
American Association for the Advancement of Science (AAAS)	180389	201488	0.00384378272421998	0.00936491889520468	46930072	21515195	1.97626258336499e-323	2.17388884170148e-322	2.43638092137612
American Association of Petroleum Geologists AAPG/Datapages	1505	1397	3.20689897940067e-05	6.49308727894512e-05	46930072	21515195	3.07816734760578e-123	1.94364281091679e-122	2.02472460799454
American Association on Intellectual and Developmental Disabilities (AAIDD)	773	540	1.64713150237656e-05	2.50985478212625e-05	46930072	21515195	4.8614848462804e-20	1.60957026371231e-19	1.52377316474423
American Cancer Society	222	1205	4.73044234835182e-06	5.60069446752246e-05	46930072	21515195	0	0	11.8396844419293
American Chemical Society (ACS)	931599	1366968	0.0198507899156856	0.0635350217002509	46930072	21515195	3.95252516672997e-323	4.0019317313141e-322	3.20062939410019
American Dental Society of Anesthesiology (ADSA)	11	20	2.34391287530946e-07	9.29575845231943e-07	46930072	21515195	3.93446167615642e-07	9.42564802634763e-07	3.96591466783599
American Diabetes Association	30487	19894	0.00064962610754145	0.000924649093252214	46930072	21515195	4.94065645841247e-324	7.4109846876187e-323	1.42335580808414
American Fern Society	213	149	4.53866765855377e-06	6.92534004697797e-06	46930072	21515195	1.38330863254878e-06	3.26527324745828e-06	1.52585308464394
American Malacological Society	286	247	6.0941734758046e-06	1.14802616886145e-05	46930072	21515195	1.65285405890162e-19	5.38166846434266e-19	1.8838094672221
American Marketing Association (AMA)	2534	7891	5.39952293275834e-05	0.000366764149736263	46930072	21515195	0	0	6.79252879011113
American Museum of Natural History (BioOne sponsored)	374	341	7.96930377605217e-06	1.58492681612046e-05	46930072	21515195	4.12959370911917e-30	1.58720036472232e-29	1.9887895613707
American Ornithologists' Union	282	220	6.0089402803388e-06	1.02253342975514e-05	46930072	21515195	3.90130513908362e-13	1.10536978940703e-12	1.70168679009984
American Physiological Society	39229	26432	0.000835903256231953	0.00122852743705854	46930072	21515195	4.94065645841247e-324	7.4109846876187e-323	1.46970050409474
American Podiatric Medical Association	1975	1135	4.2083890261238e-05	5.27534292169128e-05	46930072	21515195	1.97334515055719e-13	5.63630731209227e-13	1.25353024374512
American Scientific Publishers	20598	22617	0.00043890834005113	0.00105121084458054	46930072	21515195	4.94065645841247e-324	7.4109846876187e-323	2.39505780286172
American Society for Enology and Viticulture	418	582	8.90686892617595e-06	2.70506570962495e-05	46930072	21515195	1.3694531988163e-113	8.43621343382305e-113	3.03705570615862
American Society for Nutrition	7132	10106	0.000151970787515519	0.000469714674595701	46930072	21515195	4.94065645841247e-324	7.4109846876187e-323	3.09082213940449
American Society for Pharmacology & Experimental Therapeutics (ASPET)	15354	9932	0.000327167620795468	0.000461627364742183	46930072	21515195	4.13977272206081e-231	3.45241423236015e-230	1.41098120779738
American Society of Civil Engineers (ASCE)	106018	65971	0.00225906322922326	0.00306625240428983	46930072	21515195	1.48219693752374e-323	1.67982319586024e-322	1.35731145752131
American Society of Clinical Oncology (ASCO)	17612	15662	0.000375281759635911	0.000727950844401135	46930072	21515195	4.94065645841247e-324	7.4109846876187e-323	1.93974480696151
American Society of Consultant Pharmacists	393	257	8.37416145451471e-06	1.19450496112305e-05	46930072	21515195	7.50009248563992e-08	1.84681943100437e-07	1.42641740025094
American Society of Health System Pharmacists	4286	2333	9.13273689416032e-05	0.000108435022346306	46930072	21515195	7.07342459464921e-16	2.13409806882932e-15	1.18732230658744
American Society of Ichthyologists and Herpetologists (ASIH)	1113	654	2.37161366383584e-05	3.03971301390845e-05	46930072	21515195	1.09890636127235e-09	2.87406279102e-09	1.28170665410657
American Society of Nephrology (ASN)	5064	4661	0.000107905225459701	0.000216637650731304	46930072	21515195	0	0	2.0076659847415
American Society of Neuroradiology (ASNR)	4532	2978	9.65692104627498e-05	0.000138413843355036	46930072	21515195	1.00085148946689e-76	5.34593786518871e-76	1.43331236417665
American Society of Parasitologists	2915	1577	6.21136911957007e-05	7.32970553965387e-05	46930072	21515195	1.51121603586763e-10	4.01175668380476e-10	1.1800466851278
American Society of Plant Biologists (ASPB)	34735	18737	0.000740143761126128	0.000870873130605546	46930072	21515195	2.75267740421813e-104	1.62767011727681e-103	1.17662699646419
American Society of Plant Taxonomists	1132	1093	2.4120994316821e-05	5.08013199419257e-05	46930072	21515195	1.91088407185253e-106	1.14136589156597e-105	2.10610388919577
American Veterinary Medical Association (AVMA)	8984	7664	0.000191433757016184	0.000356213463892881	46930072	21515195	0	0	1.86076619633374
Annual Reviews	33309	107702	0.000709758126942571	0.00500585888415854	46930072	21515195	4.94065645841247e-324	7.4109846876187e-323	7.05290815861778
Asian Journal of Chemistry	3	6	6.39248965993489e-08	2.78872753569583e-07	46930072	21515195	0.00293730353876173	0.0057830207756467	4.36250613461959
Asian Pacific Journal of Tropical Medicine Press	721	478	1.53632834827102e-05	2.22168627010434e-05	46930072	21515195	2.72808981138939e-14	7.91997173487102e-14	1.44610120135102
Asociacion Colombiana de Infectologia - ACIN	308	313	6.56295605086649e-06	1.45478619778799e-05	46930072	21515195	1.19407485357795e-35	4.94408510802298e-35	2.21666301970119
Asociacion Paleontologica Argentina	342	201	7.28743821232578e-06	9.34223724458103e-06	46930072	21515195	0.000676453990933427	0.00139716198127371	1.28196452201541
Association of Avian Veterinarians (AAV)	440	238	9.37565150123784e-06	1.10619525582601e-05	46930072	21515195	0.0123768764486591	0.0229374397916449	1.17985961368121
Astro, Ltd.	101	134	2.15213818551141e-06	6.22815816305402e-06	46930072	21515195	9.22661111864526e-26	3.28884041487194e-25	2.89393971306448
Atlantis Press	1568	1603	3.3411412622593e-05	7.45055039953402e-05	46930072	21515195	9.43464647712817e-177	7.00859452586664e-176	2.22994175184796
Beilstein Institut	344	294	7.33005481005868e-06	1.36647649249096e-05	46930072	21515195	3.45599193550366e-22	1.17503725807124e-21	1.86421047031709
Bentham Science Publishers Ltd.	34818	27203	0.000741912349932044	0.00126436258589223	46930072	21515195	9.88131291682493e-324	1.23516411460312e-322	1.70419401430376
BioOne	562	353	1.19752639629447e-05	1.64070136683438e-05	46930072	21515195	1.63036166736025e-08	4.11782775413274e-08	1.37007532519637
Birkh√§user Boston	73	96	1.55550581725082e-06	4.46196405711333e-06	46930072	21515195	1.03479150540283e-18	3.3083388454832e-18	2.8684971844074
Brazilian Herpetological Society	227	600	4.83698384268407e-06	2.78872753569583e-05	46930072	21515195	1.49037118947768e-243	1.26681551105603e-242	5.76542660962942
Cactus and Succulent Society of America	481	421	1.02492917547623e-05	1.95675715421324e-05	46930072	21515195	3.45545414702388e-33	1.37286358021084e-32	1.90916328760379
Carl Hanser Verlag	4675	4750	9.96162972006521e-05	0.000220774263242586	46930072	21515195	0	0	2.216246432026
Carnegie Museum of Natural History	116	97	2.47176266850816e-06	4.50844284937492e-06	46930072	21515195	6.65810759331979e-08	1.64177604253687e-07	1.82397885800905
Centauro, SRL	108	95	2.30129627757656e-06	4.41548526485173e-06	46930072	21515195	8.82619069464223e-09	2.24205533737464e-08	1.91869482772621
Clay Minerals Society	776	644	1.65352399203649e-05	2.99323422164686e-05	46930072	21515195	8.97340217877634e-43	3.9563528808171e-42	1.81021517441689
Cold Spring Harbor Laboratory Press	18537	21627	0.000394991936087377	0.00100519684024156	46930072	21515195	4.94065645841247e-324	7.4109846876187e-323	2.54485408031014
Earthquake Engineering Research Institute	2059	2342	4.38737873660198e-05	0.000108853331476661	46930072	21515195	1.49370866707184e-319	1.41982609039274e-318	2.48105618438055
Editrice Kurtis srl	506	469	1.07819992264235e-05	2.17985535706891e-05	46930072	21515195	1.68604215905029e-42	7.41523019204207e-42	2.02175432523378
Element d.o.o.	19	23	4.04857678462543e-07	1.06901222201673e-06	46930072	21515195	4.13411714726237e-05	9.20543969314845e-05	2.64046423937502
eLife Sciences Organisation, Ltd.	29	26	6.1794066712704e-07	1.20844859880153e-06	46930072	21515195	0.00214589222424187	0.00429178444848374	1.95560619827775
Elsevier BV	11564551	7770101	0.246420908964299	0.361144910230628	46930072	21515195	1.28457067918724e-322	1.23516411460312e-321	1.46556114799069
EManuscript Services	1416	1994	3.01725511948927e-05	9.26787117696247e-05	46930072	21515195	0	0	3.07162331653654
Emerald	203227	139092	0.00433042165373196	0.00646482817325007	46930072	21515195	1.97626258336499e-323	2.17388884170148e-322	1.49288653396573
FASEB	7083	6107	0.000150926680871063	0.000283845984341574	46930072	21515195	4.94065645841247e-324	7.4109846876187e-323	1.8806879121927
Field Museum of Natural History	69	68	1.47027262178503e-06	3.16055787378861e-06	46930072	21515195	1.94755868508185e-08	4.91195970788117e-08	2.14964070401545
Frontiers in Bioscience	166	118	3.53717761183064e-06	5.48449748686846e-06	46930072	21515195	7.27115250708086e-06	1.69149968848934e-05	1.55052928881058
Future Medicine Ltd	22222	28076	0.000473513017410244	0.0013049385715366	46930072	21515195	4.94065645841247e-324	7.4109846876187e-323	2.75586630896363
Future Science, LTD	5239	11309	0.00011163417776133	0.000525628661686402	46930072	21515195	4.94065645841247e-324	7.4109846876187e-323	4.70849225772218
Genetics Society of America	6980	3340	0.000148731926087819	0.000155239166153734	46930072	21515195	0.0139904448018099	0.0257389244636836	1.0437514677385
Geological Society of America	12781	6722	0.000272341367812093	0.000312430441582456	46930072	21515195	3.37946973434906e-28	1.25523161561537e-27	1.14720155844272
Geological Society of London	23671	13221	0.000504388742467729	0.000614496112490576	46930072	21515195	3.78130956720491e-107	2.26622214061637e-106	1.21829862713459
GeoScienceWorld	17313	11463	0.000368910578274843	0.000532786395694688	46930072	21515195	3.51588706837999e-301	3.28893562798721e-300	1.44421555539607
Guilford Publications	5722	2921	0.000121926086113825	0.000135764552196125	46930072	21515195	1.11408068675641e-08	2.82191211201337e-08	1.11349881328415
Harvard University Botany Libraries	236	143	5.02875853248212e-06	6.64646729340839e-06	46930072	21515195	0.00126108527133519	0.00258654148459468	1.32169147722585
Helminthological Society	583	337	1.24227382391401e-05	1.56633529921582e-05	46930072	21515195	4.07699936617552e-05	9.08970350491591e-05	1.26086155005729
Herpetological Society of Japan	120	115	2.55699586397396e-06	5.34506111008367e-06	46930072	21515195	1.7389634765434e-12	4.88013877226784e-12	2.09036752283856
Herpetologists League	506	564	1.07819992264235e-05	2.62140388355408e-05	46930072	21515195	1.15727564280832e-75	6.10765175070183e-75	2.43127812245598
Humana Press	6	60	1.27849793198698e-07	2.78872753569583e-06	46930072	21515195	1.87031899360131e-57	9.05951775530718e-57	21.812530673098
IBM	4469	2460	9.52267876341634e-05	0.000114337828963529	46930072	21515195	1.26041879656422e-18	4.0151719501361e-18	1.20068976182191
IMDA Press	190	116	4.04857678462543e-06	5.39153990234527e-06	46930072	21515195	0.00314222566075109	0.00617959395796211	1.33171239898914
Informa Healthcare	89552	140402	0.0019082007800883	0.00652571539111276	46930072	21515195	9.88131291682493e-324	1.23516411460312e-322	3.41982639311718
Institute for Computer Sciences, Social Informatics and Telecommunications Engineering (ICST)	652	648	1.38930108609252e-05	3.01182573855149e-05	46930072	21515195	2.77977685008758e-68	1.41632434321465e-67	2.16787114665145
Institute for Operations Research and the Management Sciences (INFORMS)	25099	22428	0.00053481699324902	0.0010424263528431	46930072	21515195	4.94065645841247e-324	7.4109846876187e-323	1.94912720800128
Institute of Malacology	219	160	4.66651745175247e-06	7.43660676185554e-06	46930072	21515195	4.57848141583269e-08	1.14010635819608e-07	1.593609546893
Institute of Organic Chemistry & Biochemistry	1029	1087	2.19262395335767e-05	5.05224471883561e-05	46930072	21515195	3.86567387288217e-129	2.50348403196178e-128	2.30420027615719
Institutional Investor Journals	8241	5344	0.000175601690958411	0.000248382665845975	46930072	21515195	5.7838358401042e-127	3.71848064192881e-126	1.41446625308865
Institution of Engineering and Technology (IET)	128512	76178	0.00273837210392518	0.00354066143690395	46930072	21515195	1.48219693752374e-323	1.67982319586024e-322	1.29298039219315
Integrated Publishing Association	2	6	4.26165977328993e-08	2.78872753569583e-07	46930072	21515195	0.000378640002905528	0.000797896931033342	6.54375920192939
International Association for Plant Taxonomy	761	502	1.62156154373682e-05	2.33323537153218e-05	46930072	21515195	1.33901000857711e-14	3.89370015652027e-14	1.43888178684562
International Phycological Society	2431	1232	5.18004745443391e-05	5.72618720662877e-05	46930072	21515195	0.000538977361771668	0.00112637349363157	1.10543141872714
International Seed Testing Association	946	484	2.01576507276614e-05	2.2495735454613e-05	46930072	21515195	0.0174177089744118	0.0318454079283972	1.11598994141431
International Society of Endovascular Specialists	1325	717	2.82334959980458e-05	3.33252940515652e-05	46930072	21515195	1.53505199249993e-05	3.50189925514824e-05	1.18034599944236
IOP Publishing Ltd	1	4	2.13082988664496e-08	1.85915169046389e-07	46930072	21515195	0.00127917994241661	0.00261455507305499	8.72501226923919
Ivyspring International Publisher	180	143	3.83549379596094e-06	6.64646729340839e-06	46930072	21515195	1.50593323496927e-09	3.92119287102454e-09	1.73288438125167
Japanese Society of Allergology	260	199	5.54015770527691e-06	9.24927966005783e-06	46930072	21515195	2.38294445625495e-11	6.47165253250193e-11	1.66949753997942
Japan Institute of Heterocyclic Chemistry	5979	2901	0.000127402318922502	0.000134834976350893	46930072	21515195	0.00246336462509005	0.00488254333762243	1.05834004821303
J. Michael Ryan Publishing	97	86	2.06690499004562e-06	3.99717613449735e-06	46930072	21515195	3.0215797887822e-08	7.56678904612881e-08	1.93389447204786
JMIR Publications Inc.	6	9	1.27849793198698e-07	4.18309130354374e-07	46930072	21515195	0.00216452785955749	0.00431928358430884	3.2718796009647
John Libbey Eurotext	2378	2811	5.06711347044172e-05	0.00013065188504735	46930072	21515195	0	0	2.57842824735401
Johns Hopkins University Press	22777	11735	0.000485339123281123	0.000545428627189843	46930072	21515195	2.32560386842641e-35	9.56201776599509e-35	1.12380931399572
Johnson Graduate School of Management, Cornell University	52	97	1.10803154105538e-06	4.50844284937492e-06	46930072	21515195	2.40929616707405e-29	9.08237872790389e-29	4.0688759140202
Journal of Athletic Training/NATA	683	593	1.45535681257851e-05	2.75619238111271e-05	46930072	21515195	6.12521643845353e-45	2.76259761815966e-44	1.89382586956766
Journal of Orthopaedic & Sports Physical Therapy (JOSPT)	3138	6333	6.6865441842919e-05	0.000294350191392695	46930072	21515195	0	0	4.40212736624377
Journal of Systems Engineering and Electronics	1023	558	2.1798389740378e-05	2.59351660819712e-05	46930072	21515195	6.42162244985007e-05	0.000142095475486044	1.1897744003508
Kansas Entomological Society	529	316	1.12720901003519e-05	1.46872983546647e-05	46930072	21515195	5.84031524392392e-06	1.36043179858465e-05	1.30297914795822
Korean Society for Preventive Medicine	7	8	1.49158092065147e-07	3.71830338092777e-07	46930072	21515195	0.0170859231641777	0.0312711305944784	2.49286064835405
Korean Society for Sexual Medicine and Andrology (KAMJE)	3	5	6.39248965993489e-08	2.32393961307986e-07	46930072	21515195	0.0133026897176926	0.0246016270092892	3.63542177884966
Korean Stroke Society	4	7	8.52331954657986e-08	3.2535154583118e-07	46930072	21515195	0.00284404177157421	0.00561190385283839	3.81719286779214
Korea Society for Exercise Nutrition	4	8	8.52331954657986e-08	3.71830338092777e-07	46930072	21515195	0.000632808221904778	0.00130895730544512	4.36250613461959
Laser Institute of America	1055	801	2.24802553041044e-05	3.72295126015393e-05	46930072	21515195	1.04604535571311e-39	4.4456927617807e-39	1.6560983003935
Mammalogical Society of Japan	225	145	4.79436724495117e-06	6.73942487793159e-06	46930072	21515195	9.62778407369959e-05	0.000210667354483922	1.4056964211552
Mary Ann Liebert Inc	117452	86990	0.00250270231846224	0.00404319013883634	46930072	21515195	1.48219693752374e-323	1.67982319586024e-322	1.61552978514865
Mineralogical Association of Canada	1579	1081	3.3645803910124e-05	5.02435744347865e-05	46930072	21515195	4.32040111116204e-35	1.75596992288149e-34	1.49330878135649
Mineralogical Society	2326	1519	4.95631031633619e-05	7.06012854453661e-05	46930072	21515195	8.29335156134002e-39	3.48281367231571e-38	1.42447266089578
Missouri Botanical Garden Press	841	635	1.79202793466841e-05	2.95140330861142e-05	46930072	21515195	3.22592278496307e-31	1.25626244136888e-30	1.64696277971667
MIT Press - Journals	21558	12692	0.000459364306962921	0.000589908831384191	46930072	21515195	2.73070975665734e-161	1.9625588820204e-160	1.28418517164375
Morgan & Claypool Publishers LLC	644	1561	1.37225444699936e-05	7.25533947203531e-05	46930072	21515195	0	0	5.28716776097918
Museum National d'Histoire Naturelle, Paris, France	776	403	1.65352399203649e-05	1.87309532814236e-05	46930072	21515195	0.0136533221644523	0.0252236923581522	1.13278993057455
Mycological Society of America	1371	1513	2.92136777459025e-05	7.03224126917965e-05	46930072	21515195	1.82351725275889e-195	1.4140256591569e-194	2.40717424568908
MyJove Corporation	961	962	2.04772752106581e-05	4.47125981556565e-05	46930072	21515195	4.03583181827666e-102	2.36269889228912e-101	2.18352284157339
NACE International	6954	5347	0.000148177910317291	0.00024852210222276	46930072	21515195	9.56348322620687e-266	8.45411917196687e-265	1.67718725207154
National Institute for Health Research	31	33	6.60557264859939e-07	1.53380014463271e-06	46930072	21515195	1.4996164804088e-05	3.42991195001651e-05	2.32197907165236
National Shellfisheries Association	843	531	1.7962895944417e-05	2.46802386909081e-05	46930072	21515195	3.47109218583642e-12	9.63405178109701e-12	1.37395655841222
Netherlands Ornithologists' Union	369	228	7.86276228171992e-06	1.05971646356441e-05	46930072	21515195	1.60777274707206e-05	3.65835549140721e-05	1.34776612289061
New England Journal of Medicine (NEJM/MMS)	83374	70228	0.00177655810969137	0.00326411262294744	46930072	21515195	9.88131291682493e-324	1.23516411460312e-322	1.8373238708834
Now Publishers	851	464	1.81333623353486e-05	2.15661596093811e-05	46930072	21515195	0.000265186429942894	0.000562844667633898	1.18930837042508
Operative Dentistry	1143	2059	2.43553856043519e-05	9.56998332666285e-05	46930072	21515195	0	0	3.92930889378029
Organic Syntheses	1	3	2.13082988664496e-08	1.39436376784791e-07	46930072	21515195	0.0114329576196576	0.0214352800334619	6.54375920192939
Oriental Scientific Publishing Company	34	37	7.24482161459288e-07	1.71971531367909e-06	46930072	21515195	2.9800673262917e-06	6.9877440754426e-06	2.3737165732489
Parenteral Drug Association, Inc.	369	545	7.86276228171992e-06	2.53309417825704e-05	46930072	21515195	5.15274757785187e-116	3.19651147987442e-115	3.22163393410255
Physica-Verlag HD	142	175	3.02577843903585e-06	8.1337886457795e-06	46930072	21515195	1.79039291518534e-29	6.79273535203365e-29	2.68816399140292
Polish Information Processing Society PTI	246	268	5.24184152114661e-06	1.2456316326108e-05	46930072	21515195	3.00617547941504e-35	1.23030514990875e-34	2.37632447983344
Portico	976	530	2.07968996936548e-05	2.46337598986465e-05	46930072	21515195	0.000140378059606949	0.000303038350897541	1.18449193204323
Power System Technology Press	98	138	2.08821328891206e-06	6.41407333210041e-06	46930072	21515195	7.31924183172e-29	2.74161431323749e-28	3.07156044172196
Proceedings of the National Academy of Sciences	117479	66526	0.00250327764253164	0.00309204813399501	46930072	21515195	1.48219693752374e-323	1.67982319586024e-322	1.23519983619074
Prous Science	13	15	2.77007885263845e-07	6.97181883923957e-07	46930072	21515195	0.00131331361932831	0.00267812973353224	2.51683046228053
Radiation Research Society	1891	986	4.02939931564563e-05	4.58280891699348e-05	46930072	21515195	7.55319419112022e-05	0.00016630195927647	1.13734295312928
Radiological Society of North America (RSNA)	37254	17439	0.000793819365970715	0.000810543658249993	46930072	21515195	0.00599379760173091	0.0114281436390732	1.0210681333767
Royal College of Psychiatrists	6918	3510	0.000147410811558099	0.000163140560838206	46930072	21515195	3.33219785006265e-09	8.60047561884784e-09	1.10670689017886
Royal Pharmaceutical Society	263	159	5.60408260187626e-06	7.39012796959395e-06	46930072	21515195	0.00074288997120643	0.00153258981224384	1.3187043258641
Royal Society of Chemistry (RSC)	438158	560932	0.00933640161472584	0.0260714419008822	46930072	21515195	2.96439387504748e-323	3.06320700421573e-322	2.79245077244332
Royal Swedish Academy of Sciences	723	493	1.54059000804431e-05	2.29140445849674e-05	46930072	21515195	1.13060582389807e-16	3.47033176502046e-16	1.48735513441733
Rubber Division, ACS	6740	5477	0.000143617934359871	0.000254564345216768	46930072	21515195	4.94065645841247e-324	7.4109846876187e-323	1.77251083822786
Saudi Medical Journal	5	8	1.06541494332248e-07	3.71830338092777e-07	46930072	21515195	0.00253683590528274	0.00502253738022383	3.49000490769567
Science Alert	17	25	3.62241080729644e-07	1.16196980653993e-06	46930072	21515195	7.41612947682833e-07	1.75996200201778e-06	3.207725098985
Science Reviews 2000 LTD	4492	3557	9.57168785080918e-05	0.000165325064074501	46930072	21515195	3.16714291998175e-196	2.46674391300781e-195	1.72723000009371
Scrivener Publishing	139	111	2.9618535424365e-06	5.15914594103728e-06	46930072	21515195	8.02677459512667e-08	1.96828536535145e-07	1.74186396022581
Seismological Society of America (SSA)	5722	2979	0.000121926086113825	0.000138460322147298	46930072	21515195	1.00160387686364e-11	2.75831098799832e-11	1.13560868359243
S. Karger AG	113222	52727	0.00241256821425716	0.00245068727957723	46930072	21515195	0.000324714743153219	0.000685896852921018	1.01580020208125
Sociedad Espanola de Nutricion Parenteral y Enteral (SENPE)	1671	1475	3.56061674058374e-05	6.85562185858558e-05	46930072	21515195	4.36405047519285e-114	2.69777665739194e-113	1.92540291698501
Society for Industrial & Applied Mathematics (SIAM)	22504	13206	0.000479521957690583	0.000613798930606652	46930072	21515195	1.23773990371989e-163	9.0054491760361e-163	1.28002257407097
Society for Leukocyte Biology	3847	2958	8.19730257392318e-05	0.000137484267509804	46930072	21515195	7.20822975864147e-148	4.97818367706176e-147	1.67718912739859
Society for Neuroscience	19650	13620	0.000418708072725735	0.000633041150602953	46930072	21515195	4.94065645841247e-324	7.4109846876187e-323	1.51189143902084
Society for Sedimentary Geology	5061	2522	0.000107841300563102	0.000117219514083748	46930072	21515195	3.5946356995279e-05	8.0243887837946e-05	1.08696309736323
Society for the Study of Amphibians and Reptiles	1134	940	2.41636109145539e-05	4.36900647259013e-05	46930072	21515195	2.10822086214182e-61	1.04115488387339e-60	1.80809337149137
Society of Economic Geologists	397	604	8.45939464998051e-06	2.80731905260047e-05	46930072	21515195	9.51629748490099e-134	6.23141257529813e-133	3.31858149283405
Society of Nuclear Medicine	3997	2440	8.51692705691992e-05	0.000113408253118297	46930072	21515195	1.36102891253199e-41	5.91228284362792e-41	1.33156304334148
Society of Rheology	3603	2974	7.67738008158181e-05	0.00013822792818599	46930072	21515195	1.090469591942e-187	8.20404356831261e-187	1.80045701420464
Springer Basel	39	61	8.31023655791536e-07	2.83520632795743e-06	46930072	21515195	1.17485218738653e-15	3.50276335126371e-15	3.41170351553584
Springer Berlin Heidelberg	5502	10557	0.000117238260363206	0.000490676609905681	46930072	21515195	0	0	4.18529418967458
Springer Fachmedien Wiesbaden	343	206	7.30874651119223e-06	9.57463120588901e-06	46930072	21515195	0.000203442398209817	0.000433356819319224	1.31002370806361
Springer India	103	332	2.19475478324431e-06	1.54309590308503e-05	46930072	21515195	7.54519409555215e-160	5.40077051050049e-159	7.03083512958109
Springer International Publishing	3660	12080	7.79883738512057e-05	0.000561463810520094	46930072	21515195	0	0	7.19932706368917
Springer Japan	165	467	3.51586931296419e-06	2.17055959861659e-05	46930072	21515195	1.32738113679277e-201	1.04768296868286e-200	6.1736071662647
Springer London	829	2525	1.76645797602868e-05	0.000117358950460533	46930072	21515195	0	0	6.64374426412212
Springer Milan	182	356	3.87811039369383e-06	1.65464500451286e-05	46930072	21515195	3.17526610487457e-108	1.90947975286335e-107	4.26662687891367
Springer Nature	5481849	2722857	0.116808876832748	0.126555104861036	46930072	21515195	9.38724727098368e-323	9.14021444806306e-322	1.08343739185373
Springer Netherlands	1192	2338	2.5399492248808e-05	0.000108667416307614	46930072	21515195	0	0	4.2783302612167
Springer New York	2679	7913	5.70849326632186e-05	0.000367786683166018	46930072	21515195	0	0	6.44279788041151
Springer Paris	29	136	6.1794066712704e-07	6.32111574757721e-06	46930072	21515195	3.37991054343985e-86	1.8791452329565e-85	10.2293247294528
Springer Singapore	401	666	8.54462784544631e-06	3.09548756462237e-05	46930072	21515195	2.56209785001838e-165	1.8718136358812e-164	3.62272953323772
Springer Tokyo	4	8	8.52331954657986e-08	3.71830338092777e-07	46930072	21515195	0.000632808221904778	0.00130895730544512	4.36250613461959
Springer US	718	1647	1.52993585861108e-05	7.65505708548505e-05	46930072	21515195	0	0	5.00351504437219
Springer Vienna	147	226	3.1323199333681e-06	1.0504207051121e-05	46930072	21515195	4.96731100778192e-52	2.31720471286502e-51	3.35349111028581
Systematic and Applied Acarology Society	364	214	7.75622078738767e-06	9.94646154398179e-06	46930072	21515195	0.000422709072892637	0.000886535754299149	1.28238504506675
Telos Press	808	543	1.72171054840913e-05	2.52379841980473e-05	46930072	21515195	4.89484107185152e-17	1.51560052802688e-16	1.46586685092725
The Academy of Management	8846	14107	0.000188493211772614	0.000655676322434351	46930072	21515195	4.94065645841247e-324	7.4109846876187e-323	3.47851424604785
The American Association of Immunologists	28046	15474	0.000597612550008447	0.000719212831455954	46930072	21515195	1.02317019494111e-110	6.21637424280373e-110	1.20347678683419
The Angle Orthodontist (EH Angle Education & Research Foundation)	1667	1337	3.55209342103715e-05	6.21421452537554e-05	46930072	21515195	3.43883463140966e-78	1.85361574034521e-77	1.74945132033185
The Company of Biologists	24939	14215	0.000531407665430388	0.000660696031998603	46930072	21515195	1.29475827916658e-138	8.67095696047921e-138	1.24329413175383
The Econometric Society	894	476	1.9049619186606e-05	2.21239051165202e-05	46930072	21515195	0.00143380696681444	0.00292047317664508	1.1613830649211
The Electrochemical Society	61463	56223	0.00130967197322859	0.00261317713732378	46930072	21515195	9.88131291682493e-324	1.23516411460312e-322	1.99529133305173
The Journal of AOAC International	238	482	5.07137513021501e-06	2.24027778700898e-05	46930072	21515195	2.17552538502417e-151	1.51430270894596e-150	4.41749570774505
The Journal of Rheumatology	3892	5045	8.2931899188222e-05	0.000234485506959758	46930072	21515195	0	0	2.82744648627388
The Middle East Journal	212	120	4.51735935968732e-06	5.57745507139166e-06	46930072	21515195	0.0254116011859647	0.0457512330924497	1.23467154753385
The Paleontological Society of Japan	350	319	7.45790460325737e-06	1.48267347314495e-05	46930072	21515195	2.85197615433315e-28	1.06153554544442e-27	1.98805636706236
Theta Foundation	13	15	2.77007885263845e-07	6.97181883923957e-07	46930072	21515195	0.00131331361932831	0.00267812973353224	2.51683046228053
University of Zagreb - University Computing Centre	26	40	5.54015770527691e-07	1.85915169046389e-06	46930072	21515195	1.28790687108094e-10	3.42924600613118e-10	3.35577394970738
University Press of Mississippi	7	57	1.49158092065147e-07	2.64929115891104e-06	46930072	21515195	7.71880109948143e-50	3.54463385555407e-49	17.7616321195226
Vilnius Gediminas Technical University	4721	3049	0.000100596478948509	0.00014171383760561	46930072	21515195	9.6713203291895e-72	4.99967670818919e-71	1.40873556497089
VLDB Endowment	975	688	2.07755913947884e-05	3.19774090759788e-05	46930072	21515195	4.41211592650171e-26	1.58227605640061e-25	1.53918165159912
Wageningen Academic Publishers	625	377	1.3317686791531e-05	1.75225046826221e-05	46930072	21515195	3.10922724536156e-07	7.47906635346835e-07	1.31573185020127
Walsh Medical Media, LLC	58	43	1.23588133425408e-06	1.99858806724868e-06	46930072	21515195	0.00336670666542395	0.00657716838062934	1.61713589472968
WARC Limited	248	282	5.28445811887951e-06	1.31070194177704e-05	46930072	21515195	4.08907294628996e-40	1.75047965352074e-39	2.48029582653775
Weed Science Society	8	10	1.70466390931597e-07	4.64787922615971e-07	46930072	21515195	0.00456818506268021	0.00883648926785406	2.72656633413725
